MarketCode,MarketName,StateCode,StateName,CountyCode,CountyName,TractCode,BlockGroupCode,Latitude,Longitude,ProjID,Submarket,Name,Address,City,State,Zip,Phone,YearBuilt,Rehab1,Rehab2,Rehab3,Quantity,AreaPerUnit,Level,Neighborhood,Status,Apr-08,May-08,Jun-08,Jul-08,Aug-08,Sep-08,Oct-08,Nov-08,Dec-08,Jan-09,Feb-09,Mar-09,Apr-09,May-09,Jun-09,Jul-09,Aug-09,Sep-09,Oct-09,Nov-09,Dec-09,Jan-10,Feb-10,Mar-10,Apr-10,May-10,Jun-10,Jul-10,Aug-10,Sep-10,Oct-10,Nov-10,Dec-10,Jan-11,Feb-11,Mar-11,Apr-11,May-11,Jun-11,Jul-11,Aug-11,Sep-11,Oct-11,Nov-11,Dec-11,Jan-12,Feb-12,Mar-12,Apr-12,May-12,Jun-12,Jul-12,Aug-12,Sep-12,Oct-12,Nov-12,Dec-12,Jan-13,Feb-13,Mar-13,Apr-13,May-13,Jun-13,Jul-13,Aug-13,Sep-13,Oct-13,Nov-13,Dec-13,Jan-14,Feb-14,Mar-14,Apr-14,May-14,Jun-14,Jul-14,Aug-14,Sep-14,Oct-14,Nov-14,Dec-14,Jan-15,Feb-15,Mar-15,Apr-15,May-15,Jun-15,Jul-15,Aug-15,Sep-15,Oct-15,Nov-15,Dec-15,Jan-16,Feb-16,Mar-16,Apr-16,May-16,Jun-16,Jul-16,Aug-16,Sep-16,Oct-16,Nov-16,Dec-16,Jan-17,Feb-17,Mar-17,Apr-17,May-17,Jun-17,Jul-17,Aug-17,Sep-17,Oct-17,Nov-17,Dec-17,Jan-18,Feb-18,Mar-18,Apr-18,May-18,Jun-18,Jul-18,Aug-18,Sep-18,Oct-18
10420,"Akron, OH",OH,Ohio,153,Summit,530104,4,41.3181,-81.44502,13558,North Summit County,Abor Glen,2639 Arbor Glen Dr,Twinsburg,OH,44087,3309633360,2002,,,,288,969,3,,S,,,,,,,,,,,,,,,,,,,,,,,,,,,,,,,,,,,,,,,,,,,,,,,,,,,,,,,,,,,,S,S,S,S,S,S,S,S,S,S,S,S,S,S,S,S,S,S,S,S,S,S,S,S,S,S,S,S,S,S,S,S,S,S,S,S,S,S,S,S,S,S,S,S,S,S,S,S,S,S,S,S,S,S,S,S,S,S,S,S,S,S,S,S,S,S,S,S
10420,"Akron, OH",OH,Ohio,153,Summit,502102,1,41.10346,-81.46938,77380,South Summit County,Alphada Place,1446 Alphada Ave,Akron,OH,44310,3306335965,1964,,,,152,472,2,,S,,,,,,,,,,,,,,,,,,,,,,,,,,,,,,,,,,,,,,,,,,,,,LU,LU,LU,LU,S,S,S,,,,,,,,,,,,,,,,,S,S,S,S,S,S,S,S,S,S,S,S,S,S,S,S,S,S,S,S,S,S,S,S,S,S,S,S,S,S,S,S,S,S,S,S,S,S,S,S,S,S,S,S,S,S,S,S,S,S,S,S,S,S,S,S,S,S,S,S
10420,"Akron, OH",OH,Ohio,153,Summit,530603,1,41.1792,-81.48354,17397,North Summit County,Bridgewater,4172 Bridgewater Pkwy,Stow,OH,44224,3309283121,1998,,,,182,"1,065",3,,S,S,S,S,S,S,S,S,S,S,S,S,S,S,S,S,S,S,S,S,S,S,S,S,S,S,S,S,S,S,S,S,S,S,S,S,S,S,S,S,S,S,S,S,S,S,S,S,S,S,S,S,S,S,S,S,S,S,S,S,S,S,S,S,S,S,S,S,S,S,S,S,S,S,S,S,S,S,S,S,S,S,S,S,S,S,S,S,S,S,S,S,S,S,S,S,S,S,S,S,S,S,S,S,S,S,S,S,S,S,S,S,S,S,S,S,S,S,S,S,S,S,S,S,S,S,S,S
10420,"Akron, OH",OH,Ohio,153,Summit,530401,1,41.17894,-81.43911,67674,North Summit County,Brighton Place,4175 Darrow Rd,Stow,OH,44224,3309203300,1969,,,,82,"1,211",2,,S,,,,,,,,,,,,,,,,,,,,,,,,,,,,,,,,,,,,,,,,,,,,,,,,,,,,,,,,,,,,,,,,,,,,,,,,,,,,,,,,,,,,,,,,,,,,,,,,LU,LU,LU,LU,S,S,S,S,S,S,S,S,S,S,S,S,S,S,S,S,S,S,S,S,S,S,S,S,S,S,S,S
10420,"Akron, OH",OH,Ohio,153,Summit,,,41.1051,-81.46834,10050488,South Summit County,Brittain Park,1469 Alphada Ave,Akron,OH,44310,3306335822,1963,,,,145,737,1,,S,,,,,,,,,,,,,,,,,,,,,,,,,,,,,,,,,,,,,,,,S,S,S,S,S,S,S,S,S,S,S,S,S,S,S,S,S,S,S,S,S,S,S,S,S,S,S,S,S,S,S,S,S,S,S,S,S,S,S,S,S,S,S,S,S,S,S,S,S,S,S,S,S,S,S,S,S,S,S,S,S,S,S,S,S,S,S,S,S,S,S,S,S,S,S,S,S,S,S,S,S,S,S,S,S,S,S,S
10420,"Akron, OH",OH,Ohio,153,Summit,507500,1,41.13701,-81.54175,76490,South Summit County,Cascade Falls,1761 E Waterford Ct,Akron,OH,44313,3303314401,1998,,,,304,"1,010",3,,S,,,,,,,,,,,,,,,,,,,,,,,,,,,,,,,,,,,,,S,S,S,S,S,S,S,S,S,S,S,S,S,S,S,S,S,S,S,S,S,S,S,S,S,S,S,S,S,S,S,S,S,S,S,S,S,S,S,S,S,S,S,S,S,S,S,S,S,S,S,S,S,S,S,S,S,S,S,S,S,S,S,S,S,S,S,S,S,S,S,S,S,S,S,S,S,S,S,S,S,S,S,S,S,S,S,S,S,S,S
10420,"Akron, OH",OH,Ohio,153,Summit,506800,2,41.08044,-81.53397,76186,South Summit County,Cedar Knoll Apartments,352 W Cedar St,Akron,OH,44307,3307621074,1995,,,,83,650,3,,S,,,,,,,,,,,,,,,,,,,,,,,,,,,,,,,,,,,,,,,,,,,,,,,,,,,,,,,,,,,,,,,,,,,,,,,,,,,,,,,,,,,,,,,,,,,,,,,,,,,,,,S,S,S,S,S,S,S,S,S,S,S,S,S,S,S,S,S,S,S,S,S,S,S,S,S,S
10420,"Akron, OH",OH,Ohio,153,Summit,507203,1,41.13795,-81.55415,17229,South Summit County,Cedarwood Village,1343 Weathervane Ln,Akron,OH,44313,3308369711,1972,,,,455,965,3,,S,S,S,S,S,S,S,S,S,S,S,S,S,S,S,S,S,S,S,S,S,S,S,S,S,S,S,S,S,S,S,S,S,S,S,S,S,S,S,S,S,S,S,S,S,S,S,S,S,S,S,S,S,S,S,S,S,S,S,S,S,S,S,S,S,S,S,S,S,S,S,S,S,S,S,S,S,S,S,S,S,S,S,S,S,S,S,S,S,S,S,S,S,S,S,S,S,S,S,S,S,S,S,S,S,S,S,S,S,S,S,S,S,S,S,S,S,S,S,S,S,S,S,S,S,S,S,S
10420,"Akron, OH",OH,Ohio,153,Summit,,,41.09796,-81.5906,10051891,South Summit County,Center Towers,710 White Pond Dr,Akron,OH,44320,3308673751,1983,,,,100,460,7,,S,,,,,,,,,,,,,,,,,,,,,,,,,,,,,,,,,,,,,,,,,,S,S,S,S,S,S,S,S,S,S,S,S,S,S,S,S,S,S,S,S,S,S,S,S,S,S,S,S,S,S,S,S,S,S,S,S,S,S,S,S,S,S,S,S,S,S,S,S,S,S,S,S,S,S,S,S,S,S,S,S,S,S,S,S,S,S,S,S,S,S,S,S,S,S,S,S,S,S,S,S,S,S,S,S,S,S
10420,"Akron, OH",OH,Ohio,153,Summit,,,41.11165,-81.47495,10048857,South Summit County,Chapel Hill Towers,1111 Independence Ave,Akron,OH,44310,3306332272,1969,,,,402,702,6,,S,,,,,,,,,,,,,,,,,,,,,,,,,,,,,,,,,,,,,S,S,S,S,S,S,S,S,S,S,S,S,S,S,S,S,S,S,S,S,S,S,S,S,S,S,S,S,S,S,S,S,S,S,S,S,S,S,S,S,S,S,S,S,S,S,S,S,S,S,S,S,S,S,S,S,S,S,S,S,S,S,S,S,S,S,S,S,S,S,S,S,S,S,S,S,S,S,S,S,S,S,S,S,S,S,S,S,S,S,S
10420,"Akron, OH",OH,Ohio,133,Portage,,,41.141,-81.36546,10043139,Kent/Portage County,Cherry Estates,416 Cherry St,Kent,OH,44240,3306789929,1973,,,,48,747,3,,S,,,,,,,,,,,,,,,,,,,,,,,,,,,,,,,,,,,,,,,,,,S,S,S,S,S,S,S,S,S,S,S,S,S,S,S,S,S,S,S,S,S,S,S,S,S,S,S,S,S,S,S,S,S,S,S,S,S,S,S,S,S,S,S,S,S,S,S,S,S,S,S,S,S,S,S,S,S,S,S,S,S,S,S,S,S,S,S,S,S,S,S,S,S,S,S,S,S,S,S,S,S,S,S,S,S,S
10420,"Akron, OH",OH,Ohio,153,Summit,503800,3,41.03506,-81.48802,17223,South Summit County,Chesapeake Pointe,1070 Chesapeake dr,Akron,OH,44306,3307851111,1973,,,,200,"1,087",2,,S,LU,LU,LU,LU,LU,LU,S,S,S,S,S,S,S,S,S,S,S,S,S,S,S,S,S,S,S,S,S,S,S,S,S,S,S,S,S,S,S,S,S,S,S,S,S,S,S,S,S,S,S,S,S,S,S,S,S,S,S,S,S,S,S,S,S,S,S,S,S,S,S,S,S,S,S,S,S,S,S,S,S,S,S,S,S,S,S,S,S,S,S,S,S,S,S,S,S,S,S,S,S,S,S,S,S,S,S,S,S,S,S,S,S,S,S,S,S,S,S,S,S,S,S,S,S,S,S,S,S
10420,"Akron, OH",OH,Ohio,133,Portage,601502,2,41.14666,-81.33381,64,Kent/Portage County,College Towers,1800 Rhodes Rd,Kent,OH,44240,3306780746,1970,2014,,,457,679,3,,S,S,S,S,S,S,S,S,S,S,S,S,S,S,S,S,S,S,S,S,S,S,S,S,S,S,S,S,S,S,S,S,S,S,S,S,S,S,S,S,S,S,S,S,S,S,S,S,S,S,S,S,S,S,S,S,S,S,R,R,R,R,R,R,R,R,R,R,R,R,R,S,S,S,S,S,S,S,S,S,S,S,S,S,S,S,S,S,S,S,S,S,S,S,S,S,S,S,S,S,S,S,S,S,S,S,S,S,S,S,S,S,S,S,S,S,S,S,S,S,S,S,S,S,S,S,S,S
10420,"Akron, OH",OH,Ohio,153,Summit,530902,3,41.08558,-81.43433,47913,South Summit County,Colony Hills,558 Colony Park Dr,Tallmadge,OH,44278,3308005656,2017,,,,40,"1,183",2,,S,,,,,,,,,,,,,,,,,,,,,,,,,,,,,,,,,,,,,,,,,,,,,,,,,,,,,,,,,,,,,,,,,,,,,,,,,,,,,,,,,,,,,,,,,,,,,,,,,,,,,,,,,,,,,,,,,,UC/LU,LU,LU,LU,LU,LU,LU,LU,LU,LU,LU,LU,S,S
10420,"Akron, OH",OH,Ohio,153,Summit,532001,2,41.02395,-81.64378,61103,South Summit County,Columbia Woods Apartments,3343 Columbia Woods Dr,Norton,OH,44203,3307061192,1998,,,,160,975,2,,S,,,,,,,,,,,,,,,,,,,,,,,,,,,,,,,,,,,,,,,,,,S,S,S,S,S,S,S,S,S,S,S,S,S,S,S,S,S,S,S,S,S,S,S,S,S,S,S,S,S,S,S,S,S,S,S,S,S,S,S,S,S,S,S,S,S,S,S,S,S,S,S,S,S,S,S,S,S,S,S,S,S,S,S,S,S,S,S,S,S,S,S,S,S,S,S,S,S,S,S,S,S,S,S,S,S,S
10420,"Akron, OH",OH,Ohio,133,Portage,601701,1,41.10999,-81.35435,92308,Kent/Portage County,Copper Creek,1100 copper court,Kent,OH,44240,3304746220,2018,,,,182,"1,140",3,,UC/LU,,,,,,,,,,,,,,,,,,,,,,,,,,,,,,,,,,,,,,,,,,,,,,,,,,,,,,,,,,,,,,,,,,,,,,,,,,,,,,,,,,,,,,,,,,,,,,,,,,,,,,,,,,,,,,,,,,,,,,,,,,UC/LU,UC/LU,UC/LU,UC/LU,UC/LU,UC/LU
10420,"Akron, OH",OH,Ohio,133,Portage,,,41.10999,-81.35435,10068571,Kent/Portage County,Copper Creek Lodge,1100 Copper Ct,Kent,OH,44240,3304746220,2018,,,,38,"1,219",3,,UC/LU,,,,,,,,,,,,,,,,,,,,,,,,,,,,,,,,,,,,,,,,,,,,,,,,,,,,,,,,,,,,,,,,,,,,,,,,,,,,,,,,,,,,,,,,,,,,,,,,,,,,,,,,,,,UC/LU,UC/LU,UC/LU,UC/LU,UC/LU,UC/LU,UC/LU,UC/LU,UC/LU,UC/LU,UC/LU,UC/LU,UC/LU,UC/LU,UC/LU,UC/LU,UC/LU,,,,UC/LU
10420,"Akron, OH",OH,Ohio,153,Summit,501100,1,41.09452,-81.49823,48715,South Summit County,Dakota Ridge Apartments,760 Pine Knolls Dr,Akron,OH,44310,3304342440,1972,,,,46,"1,150",2,,S,,,,,,,,,,,,,,,,,,,,,,,,,,,,,,,,,,,,,,,,,,,,,,,,,,,,,,,,,,,S,S,S,S,S,S,S,S,S,S,S,S,S,S,S,S,S,S,S,S,S,S,S,S,S,S,S,S,S,S,S,S,S,S,S,S,S,S,S,S,S,S,S,S,S,S,S,S,S,S,S,S,S,S,S,S,S,S,S,S,S,S,S,S,S,S,S,S,S
10420,"Akron, OH",OH,Ohio,153,Summit,,,41.12426,-81.45751,10053062,North Summit County,Danbury of Cuyahoga Falls,1695 Queens Gate Cir,Cuyahoga Falls,OH,44221,3309286757,2003,,,,98,627,3,,S,,,,,,,,,,,,,,,,,,,,,,,,,,,,,,,,,,,,,,,,,,,,,S,S,S,S,S,S,S,S,S,S,S,S,S,S,S,S,S,S,S,S,S,S,S,S,S,S,S,S,S,S,S,S,S,S,S,S,S,S,S,S,S,S,S,S,S,S,S,S,S,S,S,S,S,S,S,S,S,S,S,S,S,S,S,S,S,S,S,S,S,S,S,S,S,S,S,S,S,S,S,S,S,S,S
10420,"Akron, OH",OH,Ohio,133,Portage,,,41.14555,-81.35069,10000201,Kent/Portage County,Dartmouth Place I,707 S Lincoln St,Kent,OH,44240,3304741615,1982,,,,54,586,2,,S,S,S,S,S,S,S,,,,,,,,,,,,,,,,,,,,,,,,,,,,,,,,,,,S,S,S,S,S,S,S,S,,,,,,,,,,,,,,,,,,,,,S,S,S,S,S,S,S,S,S,S,S,S,S,S,S,S,S,S,S,S,S,S,S,S,S,S,S,S,S,S,S,S,S,S,S,S,S,S,S,S,S,S,S,S,S,S,S,S,S,S,S,S,S,S,S,S,S,S,S
10420,"Akron, OH",OH,Ohio,153,Summit,530108,2,41.33567,-81.43706,13579,North Summit County,Deer Run,9957 Darrow Park Dr,Twinsburg,OH,44087,3304252299,1987,,,,562,"1,069",2,,S,S,S,S,S,S,S,S,S,S,S,S,S,S,S,S,S,S,S,S,S,S,S,S,S,S,S,S,S,S,S,S,S,S,S,S,S,S,S,S,S,S,S,S,S,S,S,S,S,S,S,S,S,S,S,S,S,S,S,S,S,S,S,S,S,S,S,S,S,S,S,S,S,S,S,S,S,S,S,S,S,S,S,S,S,S,S,S,S,S,S,S,S,S,S,S,S,S,S,S,S,S,S,S,S,S,S,S,S,S,S,S,S,S,S,S,S,S,S,S,S,S,S,S,S,S,S,S
10420,"Akron, OH",OH,Ohio,153,Summit,507500,1,41.12102,-81.51117,61163,South Summit County,Diplomat Apartments,1350 N Howard St,Akron,OH,44310,3304097600,1960,,,,60,750,6,,S,,,,,,,,,,,,,,,,,,,,,,,,,,,,,,,,,,,,,,,,,,,,,,,,,,,,,,,,,,,,,,,,,,,,,,,,,,,,,,,,,,,,,,,S,S,S,S,S,S,S,S,S,S,S,S,S,S,S,S,S,S,S,S,S,S,S,S,S,S,S,S,S,S,S,S,S,S,S,S,S,S,S,S,S
10420,"Akron, OH",OH,Ohio,133,Portage,601503,2,41.14526,-81.34933,39584,Kent/Portage County,Eagles Landing,936 Morris Rd,Kent,OH,44240,3306738887,1965,2019,,,269,732,3,,R,,,,,,,,,,,,,,,,,,,,,,,,,,,,,,,,,,,,,,,,,,S,S,S,S,S,S,S,S,S,S,S,S,S,S,S,S,S,S,S,S,S,S,S,S,S,S,S,S,S,S,S,S,S,S,S,S,S,S,S,S,S,S,S,S,S,S,S,S,S,S,S,S,S,S,S,S,S,S,S,S,S,S,R,R,R,R,R,R,R,R,R,R,R,R,R,R,R,R,R,R,R,R,R,R,R,R
10420,"Akron, OH",OH,Ohio,153,Summit,502500,2,41.06628,-81.48256,51333,South Summit County,East End Residences,1201 E Market St,Akron,OH,44305,3306597118,2016,,,,105,842,6,,S,,,,,,,,,,,,,,,,,,,,,,,,,,,,,,,,,,,,,,,,,,,,,,,,,,,,,,,,,,,,,,,,,,,,,,,,,,,,,,,,,,,,,,,,,,,,,,S,S,S,S,S,S,S,S,S,S,S,S,S,S,S,S,S,S,S,S,S,S,S,S,S,S,S,S,S,S,S,S,S,S
10420,"Akron, OH",OH,Ohio,153,Summit,532705,1,41.33748,-81.53434,13571,North Summit County,Eaton Ridge,201 Eaton Ridge Dr,Sagamore Hills,OH,44067,3304685995,2002,,,,260,992,3,,S,,,,,,,,,,,,LU,LU,LU,LU,S,S,S,S,S,S,S,S,S,S,S,S,S,S,S,S,S,S,S,S,S,S,S,S,S,S,S,S,S,S,S,S,S,S,S,S,S,S,S,S,S,S,S,S,S,S,S,S,S,S,S,S,S,S,S,S,S,S,S,S,S,S,S,S,S,S,S,S,S,S,S,S,S,S,S,S,S,S,S,S,S,S,S,S,S,S,S,S,S,S,S,S,S,S,S,S,S,S,S,S,S,S,S,S,S,S,S,S,S,S,S,S
10420,"Akron, OH",OH,Ohio,153,Summit,,,41.04183,-81.43745,10051890,South Summit County,Ellet Park Gardens,700 Shadybrook Dr,Akron,OH,44312,3308012173,1994,,,,84,984,3,,S,,,,,,,,,,,,,,,,,,,,,,,,,,,,,,,,,,,,,,,,,,S,S,S,S,S,S,S,,,,,,,,,,,,,,,,,,,,,,,,S,S,S,S,S,S,S,S,S,S,S,S,S,S,S,S,S,S,S,S,S,S,S,S,S,S,S,S,S,S,S,S,S,S,S,S,S,S,S,S,S,S,S,S,S,S,S,S,S,S,S,S,S,S,S,S
10420,"Akron, OH",OH,Ohio,153,Summit,506100,3,41.10664,-81.56406,48177,South Summit County,English Market Apartments,1500 W Market St,Akron,OH,44313,2163864307,1987,,,,34,894,3,,S,,,,,,,,,,,,,,,,,,,,,,,,,,,,,,,,,,,,,,,,,,,,,,,,,,,,,,,,,,S,S,S,S,S,S,S,S,S,S,S,S,S,S,S,S,S,S,S,S,S,S,S,S,S,S,S,S,S,S,S,S,S,S,S,S,S,S,S,S,S,S,S,S,S,S,S,S,S,S,S,S,S,S,S,S,S,S,S,S,S,S,S,S,S,S,S,S,S,S
10420,"Akron, OH",OH,Ohio,153,Summit,533501,3,41.12905,-81.64691,75554,North Summit County,Fairway Park Luxury Apartments,3826 Fairway Park Dr,Copley,OH,44321,3306654333,2000,,,,306,"1,064",2,,S,,,,,,,,,,,,,,,,,,,,,,,,,,,,,,,,,,,,,,,,,,S,S,S,S,S,S,S,S,S,S,S,S,S,S,S,S,S,S,S,S,S,S,S,S,S,S,S,S,S,S,S,S,S,S,S,S,S,S,S,S,S,S,S,S,S,S,S,S,S,S,S,S,S,S,S,S,S,S,S,S,S,S,S,S,S,S,S,S,S,S,S,S,S,S,S,S,S,S,S,S,S,S,S,S,S,S
10420,"Akron, OH",OH,Ohio,153,Summit,508900,2,41.08002,-81.50677,49936,South Summit County,Fir Hill Towers,55 Fir Hill,Akron,OH,44304,3307627000,1968,,,,248,"1,015",12,,S,,,,,,,,,,,,,,,,,,,,,,,,,,,,,,,,,,,,,,,,,,S,S,S,S,S,S,S,S,S,S,S,S,S,S,S,S,S,S,S,S,S,S,S,S,S,S,S,S,S,S,S,S,S,S,S,S,S,S,S,S,S,S,S,S,S,S,S,S,S,S,S,S,S,S,S,S,S,S,S,S,S,S,S,S,S,S,S,S,S,S,S,S,S,S,S,S,S,S,S,S,S,S,S,S,S,S
10420,"Akron, OH",OH,Ohio,153,Summit,,,41.13961,-81.47556,10051871,North Summit County,Forest Ridge,420 Munroe Falls Ave,Cuyahoga Falls,OH,44221,3309288922,1998,,,,100,980,3,,S,,,,,,,,,,,,,,,,,,,,,,,,,,,,,,,,,,,,,,,,,,S,S,S,S,S,S,S,S,S,S,S,S,S,S,S,S,S,S,S,S,S,S,S,S,S,S,S,S,S,S,S,S,S,S,S,S,S,S,S,S,S,S,S,S,S,S,S,S,S,S,S,S,S,S,S,S,S,S,S,S,S,S,S,S,S,S,S,S,S,S,S,S,S,S,S,S,S,S,S,S,S,S,S,S,S,S
10420,"Akron, OH",OH,Ohio,153,Summit,532902,1,41.16007,-81.51108,92106,North Summit County,French Mill,29 French Mill Run,Cuyahoga Falls,OH,44223,3309456000,2015,,,,175,903,3,,S,,,,,,,,,,,,,,,,,,,,,,,,,,,,,,,,,,,,,,,,,,,,,,,,,,,,,,,,,,,,,,,,,,,,,,,,,,,,,,,,,,,,,,,,,,,,,,,,,,,,,,,,,,,,,,,,,,,,,,,,,S,S,S,S,S,S,S
10420,"Akron, OH",OH,Ohio,153,Summit,530101,2,41.341,-81.40883,78750,North Summit County,Glenwood Pointe Apartments,3275 Glenbrook Dr,Twinsburg,OH,44087,3304875454,1997,,,,128,"1,114",2,,S,,,,,,,,,,,,,,,,,,,,,,,,,,,,,,,,,,,,,,,,,,,,,,,,S,S,S,S,S,S,S,,,,,,,,,,,,,,,,,,,,,,,S,S,S,S,S,S,S,S,S,S,S,S,S,S,S,S,S,S,S,S,S,S,S,S,S,S,S,S,S,S,S,S,S,S,S,S,S,S,S,S,S,S,S,S,S,S,S,S,S,S,S
10420,"Akron, OH",OH,Ohio,153,Summit,,,41.09234,-81.44196,10051875,South Summit County,Grand woodlands,14 Whitehall Dr,Tallmadge,OH,44278,3306309092,1965,,,,184,965,1,,S,,,,,,,,,,,,,,,,,,,,,,,,,,,,,,,,,,,,,,,,,,S,S,S,S,S,S,S,S,S,S,S,S,S,S,S,S,S,S,S,S,S,S,S,S,S,S,S,S,S,S,S,S,S,S,S,S,S,S,S,S,S,S,S,S,S,S,S,S,S,S,S,S,S,S,S,S,S,S,S,S,S,S,S,S,S,S,S,S,S,S,S,S,S,S,S,S,S,S,S,S,S,S,S,S,S,S
10420,"Akron, OH",OH,Ohio,153,Summit,508000,2,41.14652,-81.55328,20568,South Summit County,Hampton Knoll,1660 Hampton Knoll Dr,Akron,OH,44313,3309235688,2005,,,,252,"1,115",3,,S,,,,,,,,S,S,S,S,S,S,S,S,S,S,S,S,S,S,S,S,S,S,S,S,S,S,S,S,S,S,S,S,S,S,S,S,S,S,S,S,S,S,S,S,S,S,S,S,S,S,S,S,S,S,S,S,S,S,S,S,S,S,S,S,S,S,S,S,S,S,S,S,S,S,S,S,S,S,S,S,S,S,S,S,S,S,S,S,S,S,S,S,S,S,S,S,S,S,S,S,S,S,S,S,S,S,S,S,S,S,S,S,S,S,S,S,S,S,S,S,S,S,S,S
10420,"Akron, OH",OH,Ohio,133,Portage,,,41.16994,-81.22757,10048613,Kent/Portage County,Heatherwood,779 Eastowne Dr,Ravenna,OH,44266,3302967721,1986,,,,75,599,1,,S,,,,,,,,,,,,,,,,,,,,,,,,,,,,,,,,,,,,S,S,S,S,,,,,,,,,,,,S,S,S,S,S,S,S,,,,,,,,,,,,,,,,,,,,,,,,,,S,S,S,S,S,S,S,S,S,S,S,S,S,S,,,,,,,,,,,,,S,S,S,S,S,S,S,S,S,S,S,S,S,S,S,S,S,S,S
10420,"Akron, OH",OH,Ohio,153,Summit,,,41.10028,-81.58488,10074296,South Summit County,Heritage at White Pond,945 Mull Ave,Akron,OH,44313,3308360868,1972,,,,24,430,2,,S,,,,,,,,,,,,,,,,,,,,,,,,,,,,,,,,,,,,,,,,,,,,,,,,,,,,,,,,,,,,,,,,,,,,,,,,,,,,,,,,,,,,,,,,,,,,,,,,,,,,,,,,,,,,LU,S,S,S,S,S,S,S,S,S,S,S,S,S,S,S,S,S,S,S
10420,"Akron, OH",OH,Ohio,153,Summit,530603,1,41.16787,-81.47611,48621,North Summit County,Heron Springs,911 Heron Springs Pkwy,Stow,OH,44224,3309295600,2002,,,,373,968,3,,S,,,,,,,,,,,,,,,,,,,,,,,,,,,,,,,,,,,,,,,,,,,,,,,,,,,,,,,,,,,S,S,S,S,S,S,S,S,S,S,S,S,S,S,S,S,S,S,S,S,S,S,S,S,S,S,S,S,S,S,S,S,S,S,S,S,S,S,S,S,S,S,S,S,S,S,S,S,S,S,S,S,S,S,S,S,S,S,S,S,S,S,S,S,S,S,S,S,S
10420,"Akron, OH",OH,Ohio,133,Portage,601503,3,41.13874,-81.33004,39811,Kent/Portage County,Hickory Mills,300 Hickory Mills Cir,Kent,OH,44240,3306738778,1973,,,,107,584,1,,S,,,,,,,,,,,,,,,,,,,,,,,,,,,,,,,,,,,,,,,,,,,,,,,,S,S,S,S,S,S,S,S,S,S,S,S,S,S,S,S,S,S,S,S,S,S,S,S,S,S,S,S,S,S,S,S,S,S,S,S,S,S,S,S,S,S,S,S,S,S,S,S,S,S,S,S,S,S,S,S,S,S,S,S,S,S,S,S,S,S,S,S,S,S,S,S,S,S,S,S,S,S,S,S
10420,"Akron, OH",OH,Ohio,153,Summit,530605,2,41.19623,-81.43309,17121,North Summit County,Hidden Lake,1941 Hidden Lake Dr,Stow,OH,44224,3306506696,1989,2018,,,258,853,3,,S,S,S,S,S,S,S,S,S,S,S,S,S,S,S,S,S,S,S,S,S,S,S,S,S,S,S,S,S,S,S,S,S,S,S,S,S,S,S,S,S,S,S,S,S,S,S,S,S,S,S,S,S,S,S,S,S,S,S,S,S,S,S,S,S,S,S,S,S,S,S,S,S,S,S,S,S,S,S,S,S,S,S,S,S,S,S,S,S,S,S,S,S,S,S,S,S,S,S,S,S,S,S,S,S,S,S,S,R,R,R,R,R,R,R,R,R,R,R,R,R,R,R,R,R,S,S,S
10420,"Akron, OH",OH,Ohio,153,Summit,,,41.09596,-81.54058,10074487,South Summit County,Highland Square,733 W Market St,Akron,OH,44303,3302534858,1969,,,,108,944,10,,S,,,,,,,,,,,,,,,,,,,,,,,,,,,,,,,,,,,,,,,,,,,,,,,,,,,,,,,,,,,,,,,,,,,,,,,,,,,,,,,,,,,,,,,,,,,,,,,,,,,,,,,,,S,S,S,S,S,S,S,S,S,S,S,S,S,S,S,S,S,S,S,S,S,S,S
10420,"Akron, OH",OH,Ohio,153,Summit,533501,2,41.1277,-81.6567,20532,North Summit County,Highlands of Heritage Woods,454 Crestmont Ct,Copley,OH,44321,3306709281,1999,,,,128,"1,016",3,,S,,,,,,,,,,,,,,,,,,,,,,,,,,,,,,,,,,,,,,,,,,,,,S,S,S,S,S,S,S,S,S,S,S,S,S,S,S,S,S,S,S,S,S,S,S,S,S,S,S,S,S,S,S,S,S,S,S,S,S,S,S,S,S,S,S,S,S,S,S,S,S,S,S,S,S,S,S,S,S,S,S,S,S,S,S,S,S,S,S,S,S,S,S,S,S,S,S,S,S,S,S,S,S,S,S
10420,"Akron, OH",OH,Ohio,133,Portage,,,41.1101,-81.35038,10073266,Kent/Portage County,Highlands of Pleasant Lakes,1 Fountain Dr,Kent,OH,44240,3306785058,2004,,,,80,"1,600",1,,S,,,,,,,,,,,,,,,,,,,,,,,,,,,,,,,,,,,,,,,,,,,,,,,,,,,,,,,,,,,,,,,,,,,,,,,,,,,,,,,,,,,,,,,,,,,,,,,,,,,,,,,,,S,S,S,S,S,S,S,S,S,S,S,S,S,S,S,S,S,S,S,S,S,S,S
10420,"Akron, OH",OH,Ohio,133,Portage,601502,2,41.15372,-81.33344,80,Kent/Portage County,Holly Park,1652 Mulberry Ct,Kent,OH,44240,3306780823,1990,,,,192,875,2,,S,S,S,S,S,S,S,S,S,S,S,S,S,S,S,S,S,S,S,S,S,S,S,S,S,S,S,S,S,S,S,S,S,S,S,S,S,S,S,S,S,S,S,S,S,S,S,S,S,S,S,S,S,S,S,S,S,S,S,S,S,S,S,S,S,S,S,S,S,S,S,S,S,S,S,S,S,S,S,S,S,S,S,S,S,S,S,S,S,S,S,S,S,S,S,S,S,S,S,S,S,S,S,S,S,S,S,S,S,S,S,S,S,S,S,S,S,S,S,S,S,S,S,S,S,S,S,S
10420,"Akron, OH",OH,Ohio,153,Summit,533501,2,41.13142,-81.6557,67886,North Summit County,Hunt Club,100 Hunt Club Dr,Copley,OH,44321,3306664478,1988,,,,260,905,3,,S,,,,,,,,,,,,,,,,,,,,,,,,,,,,,,,,,,,,,,,,,,S,S,S,S,S,S,S,S,S,S,S,S,S,S,S,S,S,S,S,S,S,S,S,S,S,S,S,S,S,S,S,S,S,S,S,S,S,S,S,S,S,S,S,S,S,S,S,S,S,S,S,S,S,S,S,S,S,S,S,S,S,S,S,S,S,S,S,S,S,S,S,S,S,S,S,S,S,S,S,S,S,S,S,S,S,S
10420,"Akron, OH",OH,Ohio,153,Summit,520106,2,41.1195,-81.45654,77979,North Summit County,Hunters Lake,1207 Hunters Lake Dr W,Cuyahoga Falls,OH,44221,3309299200,1988,,,,404,897,2,,S,,,,,,,,,,,,,,,,,,,,,,,,,,,,,,,,,,,,,,,,,,S,S,S,S,,,,,,,,,,,,,,,S,S,S,S,S,S,S,S,S,S,S,S,S,S,S,S,S,S,S,S,S,S,S,S,S,S,S,S,S,S,S,S,S,S,S,S,S,S,S,S,S,S,S,S,S,S,S,S,S,S,S,S,S,S,S,S,S,S,S,S,S,S,S,S,S,S,S,S
10420,"Akron, OH",OH,Ohio,153,Summit,530605,1,41.19,-81.43433,81,North Summit County,Huntington Hills,4525 Cox Dr,Stow,OH,44224,3306862269,1982,,,,85,"1,035",2,,S,S,S,S,S,S,S,S,S,S,S,S,S,S,S,S,S,S,S,S,S,S,S,S,S,S,S,S,S,S,S,S,S,S,S,S,S,S,S,S,S,S,S,S,S,S,S,S,S,S,S,S,S,S,S,S,S,S,S,S,S,S,S,S,S,S,S,S,S,S,S,S,S,S,S,S,S,S,S,S,S,S,S,S,S,S,S,S,S,S,S,S,S,S,S,S,S,S,S,S,S,S,S,S,S,S,S,S,S,S,S,S,S,S,S,S,S,S,S,S,S,S,S,S,S,S,S,S
10420,"Akron, OH",OH,Ohio,133,Portage,601701,1,41.13195,-81.36201,63436,Kent/Portage County,Indian Valley Apartments,1928 Mohawk Pl,Kent,OH,44240,3306732188,1970,,,,288,985,2,,S,,,,,,,,,,,,,,,,,,,,,,,,,,,,,,,,,,,,,,,,,,S,S,S,S,S,S,S,S,S,S,S,S,S,S,S,S,S,S,S,S,S,S,S,S,S,S,S,S,S,S,S,S,S,S,S,S,S,S,S,S,S,S,S,S,S,S,S,S,S,S,S,S,S,S,S,S,S,S,S,S,S,S,S,S,S,S,S,S,S,S,S,S,S,S,S,S,S,S,S,S,S,S,S,S,S,S
10420,"Akron, OH",OH,Ohio,133,Portage,601400,2,41.13873,-81.36036,61383,Kent/Portage County,Jordan Court Apartments,1645 Franklin Ave Apt 3,Kent,OH,44240,3306780972,1965,,,,159,579,3,,S,,,,,,,,,,,,,,,,,,,,,,,,,,,,,,,,,,,,S,S,S,S,S,S,S,S,S,S,S,S,S,S,S,S,S,S,S,S,S,S,S,S,S,S,S,S,S,S,S,S,S,S,S,S,S,S,S,S,S,S,S,S,S,S,S,S,S,S,S,S,S,S,S,S,S,S,S,S,S,S,S,S,S,S,S,S,S,S,S,S,S,S,S,S,S,S,S,S,S,S,S,S,S,S,S,S,S,S,S,S
10420,"Akron, OH",OH,Ohio,133,Portage,601200,1,41.15858,-81.32888,39917,Kent/Portage County,Kent Village,6600 Alpha DR,Kent,OH,44240,3306736697,1977,,,,298,413,3,,S,,,,,,,,,,,,,,,,,,,,,,,,,,,,,,,,,,,,,,,,,,,,,,,,,S,S,S,S,S,S,S,S,S,S,S,S,S,S,S,S,S,S,S,S,S,S,S,S,S,S,S,S,S,S,S,S,S,S,S,S,S,S,S,S,S,S,S,S,S,S,S,S,S,S,S,S,S,S,S,S,S,S,S,S,S,S,S,S,S,S,S,S,S,S,S,S,S,S,S,S,S,S,S
10420,"Akron, OH",OH,Ohio,133,Portage,,,41.14919,-81.35305,10048403,Kent/Portage County,Kentway,360 E Summit St,Kent,OH,44240,3306780122,1968,,,,93,529,7,,S,,,,,,,,,,,,,,,,,,,,,,,,,,,,,,,,,,,,LU,LU,LU,LU,LU,LU,LU,LU,LU,LU,LU,LU,LU,LU,LU,LU,S,S,S,S,S,S,S,S,S,S,S,S,S,S,S,S,S,S,S,S,S,S,S,S,S,S,S,S,S,S,S,S,S,S,S,S,S,S,S,S,S,S,S,S,S,S,S,S,S,S,S,S,S,S,S,S,S,S,S,S,S,S,S,S,S,S,S,S,S,S,S,S,S,S,S,S
10420,"Akron, OH",OH,Ohio,153,Summit,510302,4,41.00352,-81.58911,79273,South Summit County,Kings Court Apartments,549 5th St Ln E,Barberton,OH,44203,3307534879,1958,,,,128,700,2,,S,,,,,,,,,,,,,,,,,,,,,,,,,,,,,,,,,,,,,,,,,,S,S,S,S,S,S,S,S,S,S,S,S,S,S,S,S,S,S,S,S,S,S,S,S,S,S,S,S,S,S,S,S,S,S,S,S,S,S,S,S,S,S,S,S,S,S,S,S,S,S,S,S,S,S,S,S,S,S,S,S,S,S,S,S,S,S,S,S,S,S,S,S,S,S,S,S,S,S,S,S,S,S,S,S,S,S
10420,"Akron, OH",OH,Ohio,133,Portage,600402,2,41.23733,-81.3298,77624,Kent/Portage County,Lake Park Village,1738 OH-303,Streetsboro,OH,44241,3306265454,1987,,,,110,728,1,,S,,,,,,,,,,,,,,,,,,,,,,,,,,,,,,,,,,,,S,S,S,S,S,S,S,S,S,S,S,S,S,S,S,S,S,S,S,S,S,S,S,S,S,S,S,S,S,S,S,S,S,S,S,S,S,S,S,S,S,S,S,S,S,S,S,S,S,S,S,S,S,S,S,S,S,S,S,S,S,S,S,S,S,S,S,S,S,S,S,S,S,S,S,S,S,S,S,S,S,S,S,S,S,S,S,S,S,S,S,S
10420,"Akron, OH",OH,Ohio,133,Portage,,,41.16153,-81.34406,10051927,Kent/Portage County,Lake Street,1002 Lake St,Kent,OH,44240,3306782375,1970,2019,,,120,635,3,,R,,,,,,,,,,,,,,,,,,,,,,,,,,,,,,,,,,,,,,,,,,S,S,S,S,S,S,S,S,S,S,S,S,S,S,S,S,S,S,S,S,S,S,S,S,S,S,S,S,S,S,S,S,S,S,S,S,S,S,S,S,S,S,S,S,S,S,S,S,S,S,S,S,S,S,S,S,S,S,S,S,S,S,S,S,S,S,S,S,S,S,S,S,S,S,S,S,S,S,S,S,S,S,S,R,R,R
10420,"Akron, OH",OH,Ohio,133,Portage,600301,3,41.31506,-81.36886,61408,Kent/Portage County,Lakes of Aurora,630 Countrywood Trl,Aurora,OH,44202,3305628649,1989,,,,238,"1,609",2,,S,,,,,,,,,,,,,,,,,,,,,,,,,,,,,,,,,,,,,,,,,,,,,,,,,,,,,,,,,,,,,,,,,,,,,,,,,,,,,,,,,,,,,,,S,S,S,S,S,S,S,S,S,S,S,S,S,S,S,S,S,S,S,S,S,S,S,S,S,S,S,S,S,S,S,S,S,S,S,S,S,S,S,S,S
10420,"Akron, OH",OH,Ohio,153,Summit,,,41.12434,-81.46431,10051872,North Summit County,Leo E Dugan,1300 Kennedy Blvd,Cuyahoga Falls,OH,44221,3309233825,1981,,,,70,634,4,,S,,,,,,,,,,,,,,,,,,,,,,,,,,,,,,,,,,,,,,,,,,S,S,S,S,S,S,S,S,S,S,S,S,S,S,S,S,S,S,S,S,S,S,S,S,S,,,,,,,,,,,,,,,S,S,S,S,S,S,S,S,S,S,S,S,S,,,,,,,,,,,,,,,,,,,,,,S,S,S,S,S,S,S,S,S,S,S,S,S
10420,"Akron, OH",OH,Ohio,153,Summit,,,41.13583,-81.55267,10048989,South Summit County,Liberty Commons,1234 Weathervane Ln,Akron,OH,44313,2346787004,1972,,,,28,842,2,,S,,,,,,,,,,,,,,,,,,,,,,,,,,,,,,,,,,,,,,,,,,,,,,,,,,,,,,,,,,,,,,,,,,,,,,,,,,,,,,,,,,,,S,S,S,S,,,,,,,,,,,S,S,S,S,S,S,S,S,S,,,,,,,,,S,S,S,S,S,S,S,S,S,S,S,S,S
10420,"Akron, OH",OH,Ohio,153,Summit,,,41.16412,-81.49277,10051873,North Summit County,Linden Lane,3504 Wyoga Lake Rd,Cuyahoga Falls,OH,44224,3309203300,2007,,,,144,"1,150",3,,S,,,,,,,,,,,,,,,,,,,,,,,,,,,,,,,,,,,,,,,,,,S,S,S,S,S,S,S,S,S,S,S,S,S,S,S,S,S,S,S,S,S,S,S,S,S,S,S,S,S,S,S,S,S,S,S,S,S,S,S,S,S,S,S,S,S,S,S,S,S,S,S,S,S,S,S,S,S,S,S,S,S,S,S,S,S,,,,,,,,,,,,,,S,S,S,S,S,S,S,S
10420,"Akron, OH",OH,Ohio,153,Summit,530605,1,41.18941,-81.43327,17411,North Summit County,Mannington Place Townhomes,4320 Mannington Blvd,Stow,OH,44224,3306860800,1990,2019,,,186,"1,134",2,,R,S,S,S,S,S,S,S,S,S,S,S,S,S,S,S,S,S,S,S,S,S,S,S,S,S,S,S,S,S,S,S,S,S,S,S,S,S,S,S,S,S,S,S,S,S,S,S,S,S,S,S,S,S,S,S,S,S,S,S,S,S,S,S,S,S,S,S,S,S,S,S,S,S,S,S,S,S,S,S,S,S,S,S,S,S,S,S,S,S,S,S,S,S,S,S,S,S,S,S,S,R,R,R,R,R,R,R,R,R,R,R,R,R,R,R,R,R,R,R,R,R,R,R,R,R,R,R
10420,"Akron, OH",OH,Ohio,153,Summit,530603,2,41.1982,-81.44514,77396,North Summit County,Meadowbrook Lake Apartments,1493 Mac Dr,Stow,OH,44224,3309283121,1972,,,,92,850,3,,S,,,,,,,,,,,,,,,,,,,,,,,,,,,,,,,,,,,,,,,,,,,,,,,,,,,,,,,,,,,,,,,,,,,,,,,,,,,,,,,,,,,,,,,,,,,,,,,,,,,,,,,S,S,S,S,S,S,S,S,S,S,S,S,S,S,S,S,S,S,S,S,S,S,S,S,S
10420,"Akron, OH",OH,Ohio,153,Summit,,,41.15481,-81.50249,10000330,North Summit County,Meadowood,3202 Prange Dr,Cuyahoga Falls,OH,44223,3302082063,1985,,,,59,644,2,,S,S,S,S,S,S,S,,,,,,,,,,,,,,,,,,,,,S,,,,,,,,,,,,,,S,S,S,S,S,S,S,S,S,S,S,,,,,,,,,,,,,,,,,,,,,S,S,S,S,S,S,S,S,S,S,S,S,S,S,S,S,S,S,S,S,S,S,S,S,S,S,S,S,S,S,S,S,S,S,S,S,S,S,S,S,S,S,S,S,S,S,S,S,S,S,S,S,S,S,S,S
10420,"Akron, OH",OH,Ohio,153,Summit,530606,3,41.17453,-81.41164,10647,North Summit County,Millburn,4392 Millburn Ave,Stow,OH,44224,3304741704,1984,,,,52,775,1,,S,S,S,S,S,S,S,S,S,S,S,S,S,S,S,S,S,S,S,S,S,S,S,S,S,S,S,S,S,S,S,S,S,S,S,S,S,S,S,S,S,S,S,S,S,S,S,S,S,S,S,S,S,S,S,S,S,S,S,S,S,S,S,S,S,S,S,S,S,S,S,S,S,S,S,S,S,S,S,S,S,S,S,S,S,S,S,S,S,S,S,S,S,S,S,S,S,S,S,S,S,S,S,S,S,S,S,S,S,S,S,S,S,S,S,S,S,S,S,S,S,S,S,S,S,S,S,S
10420,"Akron, OH",OH,Ohio,153,Summit,531801,5,41.01263,-81.53048,13548,South Summit County,Newport Landing,234 Mallard Point Dr,Akron,OH,44319,3306449060,2002,,,,336,926,3,,S,S,S,S,S,S,S,S,S,S,S,S,S,S,S,S,S,S,S,S,S,S,S,S,S,S,S,S,S,S,S,S,S,S,S,S,S,S,S,S,S,S,S,S,S,S,S,S,S,S,S,S,S,S,S,S,S,S,S,S,S,S,S,S,S,S,S,S,S,S,S,S,S,S,S,S,S,S,S,S,S,S,S,S,S,S,S,S,S,S,S,S,S,S,S,S,S,S,S,S,S,S,S,S,S,S,S,S,S,S,S,S,S,S,S,S,S,S,S,S,S,S,S,S,S,S,S,S
10420,"Akron, OH",OH,Ohio,153,Summit,532702,1,41.35002,-81.53535,63549,North Summit County,Northfield East and West,9315 Lincoln Dr,Northfield,OH,44067,3304674077,1964,,,,118,747,3,,S,,,,,,,,,,,,,,,,,,,,,,,,,,,,,,,,,,,,,,,,,,,,,,,,,,,,,,,,,,,,,,,,,,,,,,,,,,,,,,,,,,,,,,,,LU,LU,LU,LU,LU,LU,LU,LU,LU,LU,LU,LU,LU,LU,LU,LU,LU,LU,LU,S,S,S,S,S,S,S,S,S,S,S,S,S,S,S,S,S,S,S,S,S
10420,"Akron, OH",OH,Ohio,153,Summit,,,41.13854,-81.52919,10048868,South Summit County,Northhampton Road,1778 Northampton Rd,Akron,OH,44313,3309292478,1981,,,,250,666,1,,S,,,,,,,,,,,,,,,,,,,,,,,,,,,,,,,,,,,,,S,S,S,S,S,S,S,S,S,S,S,S,S,S,S,S,S,S,S,S,S,S,S,S,S,S,S,S,S,S,S,S,S,S,S,S,S,S,S,S,S,S,S,S,S,S,S,S,S,S,S,S,S,S,S,S,S,S,S,S,S,S,S,S,S,S,S,S,S,S,S,S,S,S,S,S,S,S,S,S,S,S,S,S,S,S,S,S,S,S,S
10420,"Akron, OH",OH,Ohio,153,Summit,,,41.02416,-81.46309,10048980,South Summit County,Oak Creek,1337 Massillon Rd,Akron,OH,44306,3307987667,1997,,,,72,944,2,,S,,,,,,,,,,,,,,,,,,,,,,,,,,,,,,,,,,,,,S,S,S,S,S,S,S,S,S,S,S,S,S,S,S,S,S,S,S,S,S,S,S,S,S,S,S,S,S,S,S,S,S,S,S,S,S,S,S,S,S,S,S,S,S,S,S,S,S,S,S,S,S,S,S,S,S,S,S,S,S,S,S,S,S,S,S,S,S,S,S,S,S,S,S,S,S,S,S,S,S,S,S,S,S,S,S,S,S,S,S
10420,"Akron, OH",OH,Ohio,153,Summit,,,41.11437,-81.61474,61600,North Summit County,Park Hill at Fairlawn,619 Parkhill Dr,Fairlawn,OH,44333,3308695355,1996,,,,200,"1,026",3,,S,,,,,,,,,,,,,,,,,,,,,,,,,,,,,,,,,,,,,,,,,,S,S,S,S,S,S,S,S,S,S,S,S,S,S,S,S,S,S,S,S,S,S,S,S,S,S,S,S,S,S,S,S,S,S,S,S,S,S,S,S,S,S,S,S,S,S,S,S,S,S,S,S,S,S,S,S,S,S,S,S,S,S,S,S,S,S,S,S,S,S,S,S,S,S,S,S,S,S,S,S,S,S,S,S,S,S
10420,"Akron, OH",OH,Ohio,153,Summit,530104,4,41.32798,-81.45637,20569,North Summit County,Pebble Creek,2170 Pebble Creek Dr,Twinsburg,OH,44087,3309637077,1994,,,,148,"1,081",2,,S,,,,,,,,,,,,,,,,,,,,,,,,,,,,,,,,,,,,,,,,,,S,S,S,S,S,S,S,S,S,S,S,S,S,S,S,S,S,S,S,S,S,S,S,S,S,S,S,S,S,S,S,S,S,S,S,S,S,S,S,S,S,S,S,S,S,S,S,S,S,S,S,S,S,S,S,S,S,S,S,S,S,S,S,S,S,S,S,S,S,S,S,S,S,S,S,S,S,S,S,S,S,S,S,S,S,S
10420,"Akron, OH",OH,Ohio,133,Portage,,,41.15512,-81.30315,10044726,Kent/Portage County,Pebblebrook,6115 Pebblebrook Ln,Kent,OH,44240,3306774221,2007,,,,288,"1,076",3,,S,,,,,,,,,,,,,,,,,,,,,,,,,,,S,S,S,S,S,S,S,,,,,,,,,,,,,,,,,,,,,,,,,,,S,S,S,S,S,S,S,S,S,S,S,S,S,S,S,S,S,S,S,S,S,S,S,S,S,S,S,S,S,S,S,S,S,S,S,S,S,S,S,S,S,S,S,S,S,S,S,S,S,S,S,S,S,S,S,S,S,S,S,S,S,S,S,S,S,S,S,S
10420,"Akron, OH",OH,Ohio,153,Summit,,,41.14562,-81.55349,10051858,South Summit County,Pheasant Run,1679 Hampton Knoll Dr,Akron,OH,44313,3309289296,1982,,,,144,998,3,,S,,,,,,,,,,,,,,,,,,,,,,,,,,,,,,,,,,,,,,,,,,,,,S,S,S,S,S,S,S,S,S,S,S,S,S,S,S,S,S,S,S,S,S,S,S,S,S,S,S,S,S,S,S,S,S,S,S,S,S,S,S,S,S,S,S,S,S,S,S,S,S,S,S,S,S,S,S,S,S,S,S,S,S,S,S,S,S,S,S,S,S,S,S,S,S,S,S,S,S,S,S,S,S,S,S
10420,"Akron, OH",OH,Ohio,133,Portage,601300,2,41.16133,-81.38586,74739,Kent/Portage County,Pinewood Apartments,1200 Spruce Ct,Kent,OH,44240,3306732403,1976,,,,76,515,1,,S,,,,,,,,,,,,,,,,,,,,,,,,,,,,,,,,,,,,,,,,,,,,,,,,,,,,,,,,,,,,,,,,,,,,,,,,,,,,,,,,,,,,,,,,,,,,,,,,,,,,,S,S,S,S,S,S,S,S,S,S,S,S,S,S,S,S,S,S,S,S,S,S,S,S,S,S,S
10420,"Akron, OH",OH,Ohio,133,Portage,600402,2,41.23241,-81.34078,78070,Kent/Portage County,Portage Pointe Apartments,9001 Portage Pointe Dr,Streetsboro,OH,44241,3306262388,1999,,,,296,"1,053",3,,S,,,,,,,,,,,,S,S,S,S,S,S,S,S,S,S,S,S,S,S,S,S,S,S,S,S,S,S,S,S,S,S,S,S,S,S,S,S,S,S,S,S,S,S,S,S,S,S,S,S,S,S,S,S,S,S,S,S,S,S,S,S,S,S,S,S,S,S,S,S,S,S,S,S,S,S,S,S,S,S,S,S,S,S,S,S,S,S,S,S,S,S,S,S,S,S,S,S,S,S,S,S,S,S,S,S,S,S,S,S,S,S,S,S,S,S,S,S,S,S,S,S
10420,"Akron, OH",OH,Ohio,133,Portage,,,41.17059,-81.2294,10048773,Kent/Portage County,Portage Terraces,4514 Coe Rd,Ravenna,OH,44266,3302970652,1995,,,,60,"1,229",2,,S,,,,,,,,,,,,,,,,,,,,,,,,,,,,,,,,,,,,S,S,S,S,,,,,,,,,,,,,,,,,,,,,,,,S,S,S,S,S,S,S,S,S,S,S,S,S,S,S,S,S,S,S,S,S,S,S,S,S,S,S,S,S,S,S,S,S,S,S,S,S,S,S,S,S,S,S,S,S,S,S,S,S,S,S,S,S,S,S,S,S,S,S,S,S,S,S,S,S
10420,"Akron, OH",OH,Ohio,153,Summit,520104,2,41.13759,-81.47323,98,North Summit County,Portage Towers,2220 High St,Cuyahoga Falls,OH,44221,3309294457,1973,,,,376,878,9,,S,S,S,S,S,S,S,S,S,S,S,S,S,S,S,S,S,S,S,S,S,S,S,S,S,S,S,S,S,S,S,S,S,S,S,S,S,S,S,S,S,S,S,S,S,S,S,S,S,S,S,S,S,S,S,S,S,S,S,S,S,S,S,S,S,S,S,S,S,S,S,S,S,S,S,S,S,S,S,S,S,S,S,S,S,S,S,S,S,S,S,S,S,S,S,S,S,S,S,S,S,S,S,S,S,S,S,S,S,S,S,S,S,S,S,S,S,S,S,S,S,S,S,S,S,S,S,S
10420,"Akron, OH",OH,Ohio,133,Portage,601701,1,41.11023,-81.35784,92121,Kent/Portage County,Prescott Pike by Redwood,1202 Jasmine Dr,Kent,OH,44240,3308882196,2017,,,,65,"1,409",1,,S,,,,,,,,,,,,,,,,,,,,,,,,,,,,,,,,,,,,,,,,,,,,,,,,,,,,,,,,,,,,,,,,,,,,,,,,,,,,,,,,,,,,,,,,,,,,,,,,,,,,,,,,,,,,,,,,,,,,,,,,,S,S,S,S,S,S,S
10420,"Akron, OH",OH,Ohio,153,Summit,530104,5,41.33301,-81.46684,20557,North Summit County,Ravenna Woods,10807 Ravenna Rd Apt 102,Twinsburg,OH,44087,3304259255,1987,,,,128,935,2,,S,,,,,,,,S,S,S,S,S,S,S,S,S,S,S,S,S,S,S,S,S,S,S,S,S,S,S,S,S,S,S,S,S,S,S,S,S,S,S,S,S,S,S,S,S,S,S,S,S,S,S,S,S,S,S,S,S,S,S,S,S,S,S,S,S,S,S,S,S,S,S,S,S,S,S,S,S,S,S,S,S,S,S,S,S,S,S,S,S,S,S,S,S,S,S,S,S,S,S,S,S,S,S,S,S,S,S,S,S,S,S,S,S,S,S,S,S,S,S,S,S,S,S,S
10420,"Akron, OH",OH,Ohio,153,Summit,,,41.159,-81.42915,10051860,North Summit County,Ravenswood,3674 Kent Rd,Stow,OH,44224,3306880381,1980,,,,105,815,2,,S,,,,,,,,,,,,,,,,,,,,,,,,,,,,,,,,,,,,,,,,,,S,S,S,S,S,S,S,S,S,S,S,S,S,S,S,S,S,S,S,S,S,S,S,S,S,,,,,,,,,,,,S,S,S,S,S,S,S,S,S,S,S,S,S,S,S,S,S,S,S,S,S,S,S,S,S,S,S,S,S,S,S,S,S,S,S,S,S,S,S,S,S,S,S,S,S,S,S,S,S,S
10420,"Akron, OH",OH,Ohio,133,Portage,600301,4,41.32165,-81.34995,3006,Kent/Portage County,Residence at Barrington,226 Barrington Pl W,Aurora,OH,44202,3309955446,1999,,,,288,"1,131",3,,S,S,S,S,S,S,S,S,S,S,S,S,S,S,S,S,S,S,S,S,S,S,S,S,S,S,S,S,S,S,S,S,S,S,S,S,S,S,S,S,S,S,S,S,S,S,S,S,S,S,S,S,S,S,S,S,S,S,S,S,S,S,S,S,S,S,S,S,S,S,S,S,S,S,S,S,S,S,S,S,S,S,S,S,S,S,S,S,S,S,S,S,S,S,S,S,S,S,S,S,S,S,S,S,S,S,S,S,S,S,S,S,S,S,S,S,S,S,S,S,S,S,S,S,S,S,S,S
10420,"Akron, OH",OH,Ohio,133,Portage,601400,3,41.15202,-81.36242,61713,Kent/Portage County,Riverview Apartments,250 River St,Kent,OH,44240,3306882247,1957,,,,61,701,3,,S,,,,,,,,,,,,,,,,,,,,,,,,,,,,,,,,,,,,,,,,,,,,,,,,,,,,,,,,,,,,,,,,,,,,,,,,,,,,,,,,,,,,,,,S,S,S,S,S,S,S,S,S,S,S,S,S,S,S,S,S,S,S,S,S,S,S,S,S,S,S,S,S,S,S,S,S,S,S,S,S,S,S,S,S
10420,"Akron, OH",OH,Ohio,133,Portage,600402,2,41.23682,-81.34031,82252,Kent/Portage County,Rowanoake Apartments,9121 Ranch Rd,Streetsboro,OH,44241,3306269149,1986,,,,118,768,1,,S,,,,,,,,,,,,,,,,,,,,,,,,,,,,,,,,,,,,S,S,S,S,S,S,S,S,S,S,S,S,S,S,S,S,S,S,S,S,S,S,S,S,S,S,S,S,S,S,S,S,S,S,S,S,S,S,S,S,S,S,S,S,S,S,S,S,S,S,S,S,S,S,S,S,S,S,S,S,S,S,S,S,S,S,S,S,S,S,S,S,S,S,S,S,S,S,S,S,S,S,S,S,S,S,S,S,S,S,S,S
10420,"Akron, OH",OH,Ohio,133,Portage,601200,2,41.15552,-81.33566,61734,Kent/Portage County,Ryan Place Apartments,182 Dale Dr,Kent,OH,44240,3306735364,1960,,,,135,742,3,,S,,,,,,,,,,,,,,,,,,,,,,,,,,,,,,,,,,,,,,,,,,,,,,,,,,,,,,,,,,,,,,,,,,,,,,,,,,,,,,,,,,,,,,,S,S,S,S,S,S,S,S,S,S,S,S,S,S,S,S,S,S,S,S,S,S,S,S,S,S,S,S,S,S,S,S,S,S,S,S,S,S,S,S,S
10420,"Akron, OH",OH,Ohio,133,Portage,600401,1,41.26316,-81.36723,13555,Kent/Portage County,"Settler`s Landing I, II, III",725 Bridgeport Ave,Streetsboro,OH,44241,3305281336,2000,,,,223,"1,210",3,,S,S,S,S,S,S,S,S,S,S,S,S,S,S,S,S,S,S,S,S,S,S,S,S,S,S,S,S,S,S,S,S,S,S,S,S,S,S,S,S,S,S,S,S,S,S,S,S,S,S,S,S,S,S,S,S,S,S,S,S,S,S,S,S,S,S,S,S,S,S,S,S,S,S,S,S,S,S,S,S,S,S,S,S,S,S,S,S,S,S,S,S,S,S,S,S,S,S,S,S,S,S,S,S,S,S,S,S,S,S,S,S,S,S,S,S,S,S,S,S,S,S,S,S,S,S,S,S
10420,"Akron, OH",OH,Ohio,133,Portage,600401,1,41.26316,-81.36723,13556,Kent/Portage County,Settler`s Landing IV,725 Bridgeport Ave,Streetsboro,OH,44241,3305281336,2003,,,,23,"1,113",3,,S,S,S,S,S,S,S,S,S,S,S,S,S,S,S,S,S,S,S,S,S,S,S,S,S,S,S,S,S,S,S,S,S,S,S,S,S,S,S,S,S,S,S,S,S,S,S,S,S,S,S,S,S,S,S,S,S,S,S,S,S,S,S,S,S,S,S,S,S,S,S,S,S,S,S,S,S,S,S,S,S,S,S,S,S,S,S,S,S,S,S,S,S,S,S,S,S,S,S,S,S,S,S,S,S,S,S,S,S,S,S,S,S,S,S,S,S,S,S,S,S,S,S,S,S,S,S,S
10420,"Akron, OH",OH,Ohio,153,Summit,507201,1,41.12128,-81.56968,63668,South Summit County,Seven Stories West,429 N Hawkins Ave,Akron,OH,44313,3308360361,1969,,,,104,688,7,,S,,,,,,,,,,,,,,,,,,,,,,,,,,,,,,,,,,,,,,,,,,,,,,,,S,S,S,S,,,,,,,,,,,,,,,,,S,S,S,S,S,S,S,S,,,,,,,,,,,,,S,S,S,S,S,S,S,S,S,S,S,S,S,S,S,S,S,S,S,S,S,S,S,S,S,S,S,S,S,S,S,S,S,S,S,S,S,S,S,S
10420,"Akron, OH",OH,Ohio,133,Portage,600401,2,41.24729,-81.35474,76943,Kent/Portage County,Shady Lake Apartments,9250 Shady Lake Dr,Streetsboro,OH,44241,3306264007,1996,,,,340,"1,092",2,,S,,,,,,,,,,,,,,,,,,,,,,,,,,,,,,,,,,,,,,,,,,,,,,,,,,,,,,,,,,,,,,S,S,S,S,S,S,S,S,S,S,S,S,S,S,S,S,S,S,S,S,S,S,S,S,S,S,S,S,S,S,S,S,S,S,S,S,S,S,S,S,S,S,S,S,S,S,S,S,S,S,S,S,S,S,S,S,S,S,S,S,S,S,S,S,S,S
10420,"Akron, OH",OH,Ohio,153,Summit,505800,3,41.02447,-81.55208,17339,South Summit County,Shoreline Beach Club,669 Carnegie Ave,Akron,OH,44314,3308480084,1961,,,,609,625,3,,S,S,S,S,S,S,S,S,S,S,S,S,S,S,S,S,S,S,S,S,S,S,S,S,S,S,S,S,S,S,S,S,S,S,S,S,S,S,S,S,S,S,S,S,S,S,S,S,S,S,S,S,S,S,S,S,S,S,S,S,S,S,S,S,S,S,S,S,S,S,S,S,S,S,S,S,S,S,S,S,S,S,S,S,S,S,S,S,S,S,S,S,S,S,S,S,S,S,S,S,S,S,S,S,S,S,S,S,S,S,S,S,S,S,S,S,S,S,S,S,S,S,S,S,S,S,S,S
10420,"Akron, OH",OH,Ohio,133,Portage,601503,2,41.14848,-81.34985,42549,Kent/Portage County,Summit Hill,548 E Summit St,Kent,OH,44240,3306738778,1966,,,,43,642,4,,S,,,,,,,,,,,,,,,,,,,,,,,,,,,,,,,,,,,,,,,,,,,,,,,,,S,S,S,S,S,S,S,S,S,S,S,S,S,S,S,S,S,S,S,S,S,S,S,S,S,S,S,S,S,S,S,S,S,S,S,S,S,S,S,S,S,S,S,S,S,S,S,S,S,S,S,S,S,S,S,S,S,S,S,S,S,S,S,S,S,S,S,S,S,S,S,S,S,S,S,,S,S,S
10420,"Akron, OH",OH,Ohio,153,Summit,533501,2,41.13384,-81.65513,63716,North Summit County,Summit Rise Apartments,54 Hunt Club Dr,Copley,OH,44321,3306706540,2006,,,,84,"1,037",4,,S,,,,,,,,,,,,,,,,,,,,,,,,,,,,,,,,,,,,,,,,,,,,,,,,,,,,,,,,,,,,,,,,,,,,,,,,,,,,,,,,,,,,,,,,S,S,S,S,S,S,S,S,S,S,S,S,S,S,S,S,S,S,S,S,S,S,S,S,S,S,S,S,S,S,S,S,S,S,S,S,S,S,S,S
10420,"Akron, OH",OH,Ohio,133,Portage,601701,1,41.09518,-81.38729,77791,Kent/Portage County,Sutton Crossings,3814 Cascades Blvd,Kent,OH,44240,3306774125,2007,,,,216,922,3,,S,,,,,,,,,,,,,,,,,,,,,,,,,,,,,,,,,,,,,,,,,,S,S,S,S,S,S,S,S,S,S,S,S,S,S,S,S,S,S,S,S,S,S,S,S,S,S,S,S,S,S,S,S,S,S,S,S,S,S,S,S,S,S,S,S,S,S,S,S,S,S,S,S,S,S,S,S,S,S,S,S,S,S,S,S,S,S,S,S,S,S,S,S,S,S,S,S,S,S,S,S,S,S,S,S,S,S
10420,"Akron, OH",OH,Ohio,153,Summit,530902,4,41.10598,-81.43787,78414,South Summit County,Tallmadge Oaks,120 North Ave,Tallmadge,OH,44278,3306331981,1970,,,,190,862,3,,S,,,,,,,,,,,,,,,,,,,,,,,,,,,,,,,,,,,,,,,,,,,,,,,,,,,,,,,,,,,,,,,,,,,,,,,,,,,,,,,,,,,,,,,,,,,,,,,,,,,,,,,S,S,S,S,S,S,S,S,S,S,S,S,S,S,S,S,S,S,S,S,S,S,S,S,S
10420,"Akron, OH",OH,Ohio,153,Summit,531405,2,40.98594,-81.48882,17222,South Summit County,Terraces on the Green,3049 Chenoweth Rd,Akron,OH,44312,3306456071,1998,,,,280,850,2,,S,S,S,S,S,S,S,S,S,S,S,S,S,S,S,S,S,S,S,S,S,S,S,S,S,S,S,S,S,S,S,S,S,S,S,S,S,S,S,S,S,S,S,S,S,S,S,S,S,S,S,S,S,S,S,S,S,S,S,S,S,S,S,S,S,S,S,S,S,S,S,S,S,S,S,S,S,S,S,S,S,S,S,S,S,S,S,S,S,S,S,S,S,S,S,S,S,S,S,S,S,S,S,S,S,S,S,S,S,S,S,S,S,S,S,S,S,S,S,S,S,S,S,S,S,S,S,S
10420,"Akron, OH",OH,Ohio,153,Summit,520500,3,41.14373,-81.47824,77741,North Summit County,The Apartments on Second Street,2550 2nd St,Cuyahoga Falls,OH,44221,3309232819,1965,,,,73,928,6,,S,,,,,,,,,,,,,,,,,,,,,,,,,,,,,,,,,,,,,,,,,,,,,,,,,,,,,,,,,,,,,,,,,,,,,,,,,,,,,,,,,,,,,,,,,,,,,,,,,,,,,,,S,S,S,S,S,S,S,S,S,S,S,S,S,S,S,S,S,S,S,S,S,S,S,S,S
10420,"Akron, OH",OH,Ohio,133,Portage,600401,1,41.26193,-81.36454,63754,Kent/Portage County,The Village of Western Reserve,815 Frost Rd,Streetsboro,OH,44241,3305283333,1998,,,,108,979,2,,S,,,,,,,,,,,,,,,,,,,,,,,,,,,,,,,,,,,,,,,,,,,,,,,,,,,,,,,,,,,,,,,,,,,,,,,,,,,,,,,,,,,,,,,,LU,LU,LU,S,S,S,S,S,S,S,S,S,S,S,S,S,S,S,S,S,S,S,S,S,S,S,S,S,S,S,S,S,S,S,S,S,S,S,S,S
10420,"Akron, OH",OH,Ohio,153,Summit,508000,1,41.13897,-81.54019,17225,South Summit County,Timber Top,1551 Treetop Trl,Akron,OH,44313,3309294926,1984,,,,1290,"1,003",3,,S,S,S,S,S,S,S,S,S,S,S,S,S,S,S,S,S,S,S,S,S,S,S,S,S,S,S,S,S,S,S,S,S,S,S,S,S,S,S,S,S,S,S,S,S,S,S,S,S,S,S,S,S,S,S,S,S,S,S,S,S,S,S,S,S,S,S,S,S,S,S,S,S,S,S,S,S,S,S,S,S,S,S,S,S,S,S,S,S,S,S,S,S,S,S,S,S,S,S,S,S,S,S,S,S,S,S,S,S,S,S,S,S,S,S,S,S,S,S,S,S,S,S,S,S,S,S,S
10420,"Akron, OH",OH,Ohio,133,Portage,,,41.1377,-81.35702,10051924,Kent/Portage County,Tower 43,1546 S Water St,Kent,OH,44240,3306739586,1981,,,,101,765,6,,S,,,,,,,,,,,,,,,,,,,,,,,,,,,,,,,,,,,,,,,,,,,,,,,,,,,S,S,S,S,S,S,S,S,S,S,S,S,S,S,S,S,S,S,S,S,S,S,S,S,S,,,,,,,,,,,,S,S,S,S,S,S,S,S,S,S,S,S,S,S,S,S,S,S,S,S,S,S,S,S,S,S,S,S,S,S,S,S,S,S,S,S,S,S,S,S,S
10420,"Akron, OH",OH,Ohio,133,Portage,600401,1,41.26193,-81.36454,3409,Kent/Portage County,Village of Western Reserve,815 Frost Rd,Streetsboro,OH,44241,3305283333,1997,,,,108,978,2,,S,S,S,S,S,S,S,S,S,S,S,S,S,S,S,S,S,S,S,S,S,S,S,S,S,S,S,S,S,S,S,S,S,S,S,S,S,S,S,S,S,S,S,S,S,S,S,S,S,S,S,S,S,S,S,S,S,S,S,S,S,S,S,S,S,S,S,S,S,S,S,S,S,S,S,S,S,S,S,S,S,S,S,S,S,S,S,S,S,S,S,S,S,S,S,S,S,S,S,S,S,S,S,S,S,S,S,S,S,S,S,S,S,S,S,S,S,S,S,S,S,S,S,S,S,S,S,S
10420,"Akron, OH",OH,Ohio,133,Portage,601300,4,41.16109,-81.38873,83827,Kent/Portage County,Villages at Franklin Crossings,1214 Anita Dr,Kent,OH,44240,3306780761,1975,2019,,,444,908,3,,R,,,,,,,,,,,,,,,,,,,,,,,,,,,,,,,,,,,,S,,,,,,,,,,,,S,S,S,S,S,S,S,,,,,,,,,,,,,,,,,,,,,,,,S,S,S,S,S,S,S,S,S,S,S,S,S,S,S,S,S,S,S,S,S,S,S,S,S,S,S,S,S,S,S,S,S,S,S,S,S,S,R,R,R,R,R,R,R,R,R,R,R,R
10420,"Akron, OH",OH,Ohio,153,Summit,532902,3,41.19123,-81.49351,59932,North Summit County,Water`s Edge,4260 Americana Dr,Cuyahoga Falls,OH,44224,3309402215,1978,,,,504,878,5,,S,,,,,,,,,,,,,,,,,,,,,,,,,,,,,,,,,,,,,,,,,,S,S,S,S,S,S,S,S,S,S,S,S,S,,,,,,,,,,,,,,,S,S,S,S,S,S,S,S,S,S,S,S,S,S,S,S,S,S,S,S,S,S,S,S,S,S,S,S,S,S,S,S,S,S,S,S,S,S,S,S,S,S,S,S,S,S,S,S,S,S,S,S,S,S,S,S,S,S,S
10420,"Akron, OH",OH,Ohio,153,Summit,,,41.10739,-81.56894,10053041,South Summit County,Wesley Tower,1500 Marion Ave,Akron,OH,44313,3308365497,1978,,,,100,472,8,,S,,,,,,,,,,,,,,,,,,,,,,,,,,,,,,,,,,,,,,,,,,,,,,,,,,,,,,,,,,,,,,,,,,,,,,,,,,,,,,,,,,,,,,,,,,,,,,,,,,,,,S,S,S,S,S,S,S,S,S,S,S,S,S,S,S,S,S,S,S,S,S,S,S,S,S,S,S
10420,"Akron, OH",OH,Ohio,133,Portage,601503,1,41.13746,-81.33279,41060,Kent/Portage County,Whitehall Terrace,1494 Stratford Dr,Kent,OH,44240,3306738778,1971,,,,188,"1,192",2,,S,,,,,,,,,,,,,,,,,,,,,,,,,,,,,,,,,,,,,,,,,,,,,,,,S,S,S,S,S,S,S,S,S,S,S,S,S,S,S,S,S,S,S,S,S,S,S,S,S,S,S,S,S,S,S,S,S,S,S,S,S,S,S,S,S,S,S,S,S,S,S,S,S,S,S,S,S,S,S,S,S,S,S,S,S,S,S,S,S,S,S,S,S,S,S,S,S,S,S,S,S,S,S,S
10420,"Akron, OH",OH,Ohio,153,Summit,530104,4,41.32658,-81.4538,20567,North Summit County,Whitewood,9417 Trivue Cir Apt A,Twinsburg,OH,44087,3304257465,1978,2017,,,128,"1,106",2,,S,,,,,,,,,,,,,,,,,,,,,,,,,,,,,,,,,,,,,,,,,,S,S,S,S,S,S,S,S,S,S,S,S,S,S,S,S,S,S,S,S,S,S,S,S,S,S,S,S,S,S,S,S,S,S,S,S,S,S,S,S,S,S,R,R,R,R,R,R,R,R,R,R,R,R,R,R,R,R,R,R,R,R,R,R,R,R,R,R,R,R,R,R,S,S,S,S,S,S,S,S,S,S,S,S,S,S
10420,"Akron, OH",OH,Ohio,153,Summit,,,41.06707,-81.53615,10051886,South Summit County,Williams Tower,285 Channelwood Cir,Akron,OH,44307,3304344767,1990,,,,148,430,10,,S,,,,,,,,,,,,,,,,,,,,,,,,,,,,,,,,,,,,,,,,,,LU,LU,LU,LU,,,,,,,,,,,,S,,,,,,,,,,,,,,,,,,S,,,,,,,,,,,,,,,,,,,,,,,,,,S,S,S,S,S,S,S,S,S,S,S,S,S,S,S,S,S,S,S,S,S,S,S,S,S,S,S
10420,"Akron, OH",OH,Ohio,153,Summit,532706,1,41.31214,-81.56929,131,North Summit County,Williamsburg Townhomes,6636 Deerfield Dr,Sagamore Hills,OH,44067,3304683499,1990,,,,260,930,2,,S,S,S,S,S,S,S,S,S,S,S,S,S,S,S,S,S,S,S,S,S,S,S,S,S,S,S,S,S,S,S,S,S,S,S,S,S,S,S,S,S,S,S,S,S,S,S,S,S,S,S,S,S,S,S,S,S,S,S,S,S,S,S,S,S,S,S,S,S,S,S,S,S,S,S,S,S,S,S,S,S,S,S,S,S,S,S,S,S,S,S,S,S,S,S,S,S,S,S,S,S,S,S,S,S,S,S,S,S,S,S,S,S,S,S,S,S,S,S,S,S,S,S,S,S,S,S,S
10420,"Akron, OH",OH,Ohio,153,Summit,533400,3,41.09663,-81.61528,78159,North Summit County,Windsor Park Estates,1335 Vale Dr,Copley,OH,44321,3306666033,1998,,,,376,"1,170",2,,S,,,,,,,,,,,,,,,,,,,,,,,,,,,,,,,,,,,,,,,,,,S,S,S,S,S,S,S,S,S,S,S,S,S,S,S,S,S,S,S,S,S,S,S,S,S,S,S,S,S,S,S,S,S,S,S,S,S,,,,,,,,,,,,,,S,S,S,S,S,S,S,S,S,S,S,S,S,S,S,S,S,S,S,S,S,S,S,S,S,S,S,S,S,S,S,S,S,S,S,S
10420,"Akron, OH",OH,Ohio,153,Summit,,,41.14408,-81.4713,10000192,North Summit County,Woodbine,2573 Hudson Dr,Cuyahoga Falls,OH,44221,3309839634,1982,,,,55,607,2,,S,S,S,S,S,S,S,,,,,,,,,,,,,,,,,,,,,,,,,,,,,,,,,,,,,,,,,,,,,,,,,,,,,,,,,,,,,,,,,,S,S,S,S,S,S,S,S,S,S,S,S,S,S,S,S,S,S,S,S,S,S,S,S,S,S,S,S,S,S,S,S,S,S,S,S,S,S,S,S,S,S,S,S,S,S,S,S,S,S,S,S,S,S,S,S
10420,"Akron, OH",OH,Ohio,133,Portage,600800,1,41.16758,-81.23151,62083,Kent/Portage County,Woodgate North Apartments,709 Sapp Rd,Ravenna,OH,44266,3302975714,1973,,,,204,847,3,,S,,,,,,,,,,,,,,,,,,,,,,,,,,,,,,,,,,,,,,,,,,,,,,,,,,,,,,,,,,,,,,,,,,,,,,,,,,,,,,,,,,,,,,,S,S,S,S,S,S,S,S,S,S,S,S,S,S,S,S,S,S,S,S,S,S,S,S,S,S,S,S,S,S,S,S,S,S,S,S,S,S,S,S,S
10420,"Akron, OH",OH,Ohio,153,Summit,506100,6,41.11091,-81.57355,17335,South Summit County,Woods of Fairlawn,17 Manor Rd,Akron,OH,44313,3308369387,1947,,,,344,730,2,,S,S,S,S,S,S,S,S,S,S,S,S,S,S,S,S,S,S,S,S,S,S,S,S,S,S,S,S,S,S,S,S,S,S,S,S,S,S,S,S,S,S,S,S,S,S,S,S,S,S,S,S,S,S,S,S,S,S,S,S,S,S,S,S,S,S,S,S,S,S,S,S,S,S,S,S,S,S,S,S,S,S,S,S,S,S,S,S,S,S,S,S,S,S,S,S,S,S,S,S,S,S,S,S,S,S,S,S,S,S,S,S,S,S,S,S,S,S,S,S,S,S,S,S,S,S,S,S
10420,"Akron, OH",OH,Ohio,153,Summit,530603,1,41.17882,-81.48798,17396,North Summit County,Wyndham Ridge,4020 Wyndham Ridge Dr,Stow,OH,44224,3309234020,1999,,,,294,974,3,,S,S,S,S,S,S,S,S,S,S,S,S,S,S,S,S,S,S,S,S,S,S,S,S,S,S,S,S,S,S,S,S,S,S,S,S,S,S,S,S,S,S,S,S,S,S,S,S,S,S,S,S,S,S,S,S,S,S,S,S,S,S,S,S,S,S,S,S,S,S,S,S,S,S,S,S,S,S,S,S,S,S,S,S,S,S,S,S,S,S,S,S,S,S,S,S,S,S,S,S,S,S,S,S,S,S,S,S,S,S,S,S,S,S,S,S,S,S,S,S,S,S,S,S,S,S,S,S
10420,"Akron, OH",OH,Ohio,153,Summit,520106,2,41.12067,-81.46037,68394,North Summit County,Yorkshire Woods,1305 Buckingham Gate Blvd,Cuyahoga Falls,OH,44221,3309284949,1993,,,,328,942,3,,S,,,,,,,,,,,,,,,,,,,,,,,,,,,,,,,,,,,,,,,,,,S,,,,,,,,,,,,,,,,,,S,S,S,S,S,S,S,S,S,S,S,S,S,S,S,S,S,S,S,S,S,S,S,S,S,S,S,S,S,S,S,S,S,S,S,S,S,S,S,S,S,S,S,S,S,S,S,S,S,S,S,S,S,S,S,S,S,S,S,S,S,S,S,S,S,S,S,S
